state,pcode,pname,ncode,nname
PERLIS,1,PADANG BESAR,1,TITI TINGGI
PERLIS,1,PADANG BESAR,2,BESERI
PERLIS,1,PADANG BESAR,3,CHUPING
PERLIS,1,PADANG BESAR,4,MATA AYER
PERLIS,1,PADANG BESAR,5,SANTAN
PERLIS,2,KANGAR,6,BINTONG
PERLIS,2,KANGAR,7,SENA
PERLIS,2,KANGAR,8,INDERA KAYANGAN
PERLIS,2,KANGAR,9,KUALA PERLIS
PERLIS,2,KANGAR,10,KAYANG
PERLIS,3,ARAU,11,PAUH
PERLIS,3,ARAU,12,TAMBUN TULANG
PERLIS,3,ARAU,13,GUAR SANJI
PERLIS,3,ARAU,14,SIMPANG EMPAT
PERLIS,3,ARAU,15,SANGLANG
KEDAH,4,LANGKAWI,1,AYER HANGAT
KEDAH,4,LANGKAWI,2,KUAH
KEDAH,5,JERLUN,3,KOTA SIPUTEH
KEDAH,5,JERLUN,4,AYER HITAM
KEDAH,6,KUBANG PASU,5,BUKIT KAYU HITAM
KEDAH,6,KUBANG PASU,6,JITRA
KEDAH,7,PADANG TERAP,7,KUALA NERANG
KEDAH,7,PADANG TERAP,8,PEDU
KEDAH,8,POKOK SENA,9,BUKIT LADA
KEDAH,8,POKOK SENA,10,BUKIT PINANG
KEDAH,8,POKOK SENA,11,DERGA
KEDAH,9,ALOR STAR,12,BAKAR BATA
KEDAH,9,ALOR STAR,13,KOTA DARUL AMAN
KEDAH,9,ALOR STAR,14,ALOR MENGKUDU
KEDAH,10,KUALA KEDAH,15,ANAK BUKIT
KEDAH,10,KUALA KEDAH,16,KUBANG ROTAN
KEDAH,10,KUALA KEDAH,17,PENGKALAN KUNDOR
KEDAH,11,PENDANG,18,TOKAI
KEDAH,11,PENDANG,19,SUNGAI TIANG
KEDAH,12,JERAI,20,SUNGAI LIMAU
KEDAH,12,JERAI,21,GUAR CHEMPEDAK
KEDAH,12,JERAI,22,GURUN
KEDAH,13,SIK,23,BELANTEK
KEDAH,13,SIK,24,JENERI
KEDAH,14,MERBOK,25,BUKIT SELAMBAU
KEDAH,14,MERBOK,26,TANJONG DAWAI
KEDAH,15,SUNGAI PETANI,27,PANTAI MERDEKA
KEDAH,15,SUNGAI PETANI,28,BAKAR ARANG
KEDAH,15,SUNGAI PETANI,29,SIDAM
KEDAH,16,BALING,30,BAYU
KEDAH,16,BALING,31,KUPANG
KEDAH,16,BALING,32,KUALA KETIL
KEDAH,17,PADANG SERAI,33,MERBAU PULAS
KEDAH,17,PADANG SERAI,34,LUNAS
KEDAH,18,KULIM-BANDAR BAHARU,35,KULIM
KEDAH,18,KULIM-BANDAR BAHARU,36,BANDAR BAHARU
KELANTAN,19,TUMPAT,1,PENGKALAN KUBOR
KELANTAN,19,TUMPAT,2,KELABORAN
KELANTAN,19,TUMPAT,3,PASIR PEKAN
KELANTAN,19,TUMPAT,4,WAKAF BHARU
KELANTAN,20,PENGKALAN CHEPA,5,KIJANG
KELANTAN,20,PENGKALAN CHEPA,6,CHEMPAKA
KELANTAN,20,PENGKALAN CHEPA,7,PANCHOR
KELANTAN,21,KOTA BHARU,8,TANJONG MAS
KELANTAN,21,KOTA BHARU,9,KOTA LAMA
KELANTAN,21,KOTA BHARU,10,BUNUT PAYONG
KELANTAN,22,PASIR MAS,11,TENDONG
KELANTAN,22,PASIR MAS,12,PENGKALAN PASIR
KELANTAN,22,PASIR MAS,13,CHETOK
KELANTAN,23,RANTAU PANJANG,14,MERANTI
KELANTAN,23,RANTAU PANJANG,15,GUAL PERIOK
KELANTAN,23,RANTAU PANJANG,16,BUKIT TUKU
KELANTAN,24,KUBANG KERIAN,17,SALOR
KELANTAN,24,KUBANG KERIAN,18,PASIR TUMBOH
KELANTAN,24,KUBANG KERIAN,19,DEMIT
KELANTAN,25,BACHOK,20,TAWANG
KELANTAN,25,BACHOK,21,PERUPOK
KELANTAN,25,BACHOK,22,JELAWAT
KELANTAN,26,KETEREH,23,MELOR
KELANTAN,26,KETEREH,24,KADOK
KELANTAN,26,KETEREH,25,KOK LANAS
KELANTAN,27,TANAH MERAH,26,BUKIT PANAU
KELANTAN,27,TANAH MERAH,27,GUAL IPOH
KELANTAN,27,TANAH MERAH,28,KEMAHANG
KELANTAN,28,PASIR PUTEH,29,SELISING
KELANTAN,28,PASIR PUTEH,30,LIMBONGAN
KELANTAN,28,PASIR PUTEH,31,SEMERAK
KELANTAN,28,PASIR PUTEH,32,GAAL
KELANTAN,29,MACHANG,33,PULAI CHONDONG
KELANTAN,29,MACHANG,34,TEMANGAN
KELANTAN,29,MACHANG,35,KEMUNING
KELANTAN,30,JELI,36,BUKIT BUNGA
KELANTAN,30,JELI,37,AIR LANAS
KELANTAN,30,JELI,38,KUALA BALAH
KELANTAN,31,KUALA KRAI,39,MENGKEBANG
KELANTAN,31,KUALA KRAI,40,GUCHIL
KELANTAN,31,KUALA KRAI,41,MANEK URAI
KELANTAN,31,KUALA KRAI,42,DABONG
KELANTAN,32,GUA MUSANG,43,NENGGIRI
KELANTAN,32,GUA MUSANG,44,PALOH
KELANTAN,32,GUA MUSANG,45,GALAS
TERENGGANU,33,BESUT,1,KUALA BESUT
TERENGGANU,33,BESUT,2,KOTA PUTERA
TERENGGANU,33,BESUT,3,JERTIH
TERENGGANU,33,BESUT,4,HULU BESUT
TERENGGANU,34,SETIU,5,JABI
TERENGGANU,34,SETIU,6,PERMAISURI
TERENGGANU,34,SETIU,7,LANGKAP
TERENGGANU,34,SETIU,8,BATU RAKIT
TERENGGANU,35,KUALA NERUS,9,TEPUH
TERENGGANU,35,KUALA NERUS,10,TELUK PASU
TERENGGANU,35,KUALA NERUS,11,SEBERANG TAKIR
TERENGGANU,35,KUALA NERUS,12,BUKIT TUNGGAL
TERENGGANU,36,KUALATERENGGANU,13,WAKAF MEMPELAM
TERENGGANU,36,KUALATERENGGANU,14,BANDAR
TERENGGANU,36,KUALATERENGGANU,15,LADANG
TERENGGANU,36,KUALATERENGGANU,16,BATU BURUK
TERENGGANU,37,MARANG,17,ALUR LIMBAT
TERENGGANU,37,MARANG,18,BUKIT PAYUNG
TERENGGANU,37,MARANG,19,RU RENDANG
TERENGGANU,37,MARANG,20,PENGKALAN BERANGAN
TERENGGANU,38,HULU TERENGGANU,21,TELEMUNG
TERENGGANU,38,HULU TERENGGANU,22,MANIR
TERENGGANU,38,HULU TERENGGANU,23,KUALA BERANG
TERENGGANU,38,HULU TERENGGANU,24,AJIL
TERENGGANU,39,DUNGUN,25,BUKIT BESI
TERENGGANU,39,DUNGUN,26,RANTAU ABANG
TERENGGANU,39,DUNGUN,27,SURA
TERENGGANU,39,DUNGUN,28,PAKA
TERENGGANU,40,KEMAMAN,29,KEMASIK
TERENGGANU,40,KEMAMAN,30,KIJAL
TERENGGANU,40,KEMAMAN,31,CUKAI
TERENGGANU,40,KEMAMAN,32,AIR PUTIH
PULAU PINANG,41,KEPALA BATAS,1,PENAGA
PULAU PINANG,41,KEPALA BATAS,2,BERTAM
PULAU PINANG,41,KEPALA BATAS,3,PINANG TUNGGAL
PULAU PINANG,42,TASEK GELUGOR,4,PERMATANG BERANGAN
PULAU PINANG,42,TASEK GELUGOR,5,SUNGAI DUA
PULAU PINANG,42,TASEK GELUGOR,6,TELOK AYER TAWAR
PULAU PINANG,43,BAGAN,7,SUNGAI PUYU
PULAU PINANG,43,BAGAN,8,BAGAN JERMAL
PULAU PINANG,43,BAGAN,9,BAGAN DALAM
PULAU PINANG,44,PERMATANG PAUH,10,SEBERANG JAYA
PULAU PINANG,44,PERMATANG PAUH,11,PERMATANG PASIR
PULAU PINANG,44,PERMATANG PAUH,12,PENANTI
PULAU PINANG,45,BUKIT MERTAJAM,13,BERAPIT
PULAU PINANG,45,BUKIT MERTAJAM,14,MACHANG BUBUK
PULAU PINANG,45,BUKIT MERTAJAM,15,PADANG LALANG
PULAU PINANG,46,BATU KAWAN,16,PERAI
PULAU PINANG,46,BATU KAWAN,17,BUKIT TENGAH
PULAU PINANG,46,BATU KAWAN,18,BUKIT TAMBUN
PULAU PINANG,47,NIBONG TEBAL,19,JAWI
PULAU PINANG,47,NIBONG TEBAL,20,SUNGAI BAKAP
PULAU PINANG,47,NIBONG TEBAL,21,SUNGAI ACHEH
PULAU PINANG,48,BUKIT BENDERA,22,TANJONG BUNGA
PULAU PINANG,48,BUKIT BENDERA,23,AIR PUTEH
PULAU PINANG,48,BUKIT BENDERA,24,KEBUN BUNGA
PULAU PINANG,48,BUKIT BENDERA,25,PULAU TIKUS
PULAU PINANG,49,TANJONG,26,PADANG KOTA
PULAU PINANG,49,TANJONG,27,PENGKALAN KOTA
PULAU PINANG,49,TANJONG,28,KOMTAR
PULAU PINANG,50,JELUTONG,29,DATOK KERAMAT
PULAU PINANG,50,JELUTONG,30,SUNGAI PINANG
PULAU PINANG,50,JELUTONG,31,BATU LANCANG
PULAU PINANG,51,BUKIT GELUGOR,32,SERI DELIMA
PULAU PINANG,51,BUKIT GELUGOR,33,AIR ITAM
PULAU PINANG,51,BUKIT GELUGOR,34,PAYA TERUBONG
PULAU PINANG,52,BAYAN BARU,35,BATU UBAN
PULAU PINANG,52,BAYAN BARU,36,PANTAI JEREJAK
PULAU PINANG,52,BAYAN BARU,37,BATU MAUNG
PULAU PINANG,53,BALIK PULAU,38,BAYAN LEPAS
PULAU PINANG,53,BALIK PULAU,39,PULAU BETONG
PULAU PINANG,53,BALIK PULAU,40,TELOK BAHANG
PERAK,54,GERIK,1,PENGKALAN HULU
PERAK,54,GERIK,2,TEMENGOR
PERAK,55,LENGGONG,3,KENERING
PERAK,55,LENGGONG,4,KOTA TAMPAN
PERAK,56,LARUT,5,SELAMA
PERAK,56,LARUT,6,KUBU GAJAH
PERAK,56,LARUT,7,BATU KURAU
PERAK,57,PARIT BUNTAR,8,TITI SERONG
PERAK,57,PARIT BUNTAR,9,KUALA KURAU
PERAK,58,BAGAN SERAI,10,ALOR PONGSU
PERAK,58,BAGAN SERAI,11,GUNONG SEMANGGOL
PERAK,58,BAGAN SERAI,12,SELINSING
PERAK,59,BUKIT GANTANG,13,KUALA SAPETANG
PERAK,59,BUKIT GANTANG,14,CHANGKAT JERING
PERAK,59,BUKIT GANTANG,15,TRONG
PERAK,60,TAIPING,16,KAMUNTING
PERAK,60,TAIPING,17,POKOK ASSAM
PERAK,60,TAIPING,18,AULONG
PERAK,61,PADANG RENGAS,19,CHENDEROH
PERAK,61,PADANG RENGAS,20,LUBOK MERBAU
PERAK,62,SUNGAI SIPUT,21,LINTANG
PERAK,62,SUNGAI SIPUT,22,JALONG
PERAK,63,TAMBUN,23,MANJOI
PERAK,63,TAMBUN,24,HULU KINTA
PERAK,64,IPOH TIMOR,25,CANNING
PERAK,64,IPOH TIMOR,26,TEBING TINGGI
PERAK,64,IPOH TIMOR,27,PASIR PINJI
PERAK,65,IPOH BARAT,28,BERCHAM
PERAK,65,IPOH BARAT,29,KEPAYANG
PERAK,65,IPOH BARAT,30,BUNTONG
PERAK,66,BATU GAJAH,31,JELAPANG
PERAK,66,BATU GAJAH,32,MENGLEMBU
PERAK,66,BATU GAJAH,33,TRONOH
PERAK,67,KUALA KANGSAR,34,BUKIT CHANDAN
PERAK,67,KUALA KANGSAR,35,MANONG
PERAK,68,BERUAS,36,PENGKALAN BAHARU
PERAK,68,BERUAS,37,PANTAI REMIS
PERAK,69,PARIT,38,BELANJA
PERAK,69,PARIT,39,BOTA
PERAK,70,KAMPAR,40,MALIM NAWAR
PERAK,70,KAMPAR,41,KERANJI
PERAK,70,KAMPAR,42,TUALANG SEKAH
PERAK,71,GOPENG,43,SUNGAI RAPAT
PERAK,71,GOPENG,44,SIMPANG PULAI
PERAK,71,GOPENG,45,TEJA
PERAK,72,TAPAH,46,CHENDERIANG
PERAK,72,TAPAH,47,AYER KUNING
PERAK,73,PASIR SALAK,48,SUNGAI MANIK
PERAK,73,PASIR SALAK,49,KAMPONG GAJAH
PERAK,74,LUMUT,50,SITIAWAN
PERAK,74,LUMUT,51,PASIR PANJANG
PERAK,74,LUMUT,52,PANGKOR
PERAK,75,BAGAN DATOK,53,RUNGKUP
PERAK,75,BAGAN DATOK,54,HUTAN MELINTANG
PERAK,76,TELOK INTAN,55,PASIR BEDAMAR
PERAK,76,TELOK INTAN,56,CHANGKAT JONG
PERAK,77,TANJONG MALIM,57,SUNGKAI
PERAK,77,TANJONG MALIM,58,SLIM
PERAK,77,TANJONG MALIM,59,BEHRANG
PAHANG,78,CAMERON HIGHLANDS,1,TANAH RATA
PAHANG,78,CAMERON HIGHLANDS,2,JELAI
PAHANG,79,LIPIS,3,PADANG TENGKU
PAHANG,79,LIPIS,4,CEKA
PAHANG,79,LIPIS,5,BENTA
PAHANG,80,RAUB,6,BATU TALAM
PAHANG,80,RAUB,7,TERAS
PAHANG,80,RAUB,8,DONG
PAHANG,81,JERANTUT,9,TAHAN
PAHANG,81,JERANTUT,10,DAMAK
PAHANG,81,JERANTUT,11,PULAU TAWAR
PAHANG,82,INDERA MAHKOTA,12,BESERAH
PAHANG,82,INDERA MAHKOTA,13,SEMAMBU
PAHANG,83,KUANTAN,14,TERUNTUM
PAHANG,83,KUANTAN,15,TANJUNG LUMPUR
PAHANG,83,KUANTAN,16,INDERAPURA
PAHANG,84,PAYA BESAR,17,SUNGAI LEMBING
PAHANG,84,PAYA BESAR,18,LEPAR
PAHANG,84,PAYA BESAR,19,PANCHING
PAHANG,85,PEKAN,20,PULAU MANIS
PAHANG,85,PEKAN,21,PERAMU JAYA
PAHANG,85,PEKAN,22,BEBAR
PAHANG,85,PEKAN,23,CHINI
PAHANG,86,MARAN,24,LUIT
PAHANG,86,MARAN,25,KUALA SENTUL
PAHANG,86,MARAN,26,CHENOR
PAHANG,87,KUALA KRAU,27,JENDERAK
PAHANG,87,KUALA KRAU,28,KERDAU
PAHANG,87,KUALA KRAU,29,JENGKA
PAHANG,88,TEMERLOH,30,MENTAKAB
PAHANG,88,TEMERLOH,31,LANCHANG
PAHANG,88,TEMERLOH,32,KUALA SEMANTAN
PAHANG,89,BENTONG,33,BILUT
PAHANG,89,BENTONG,34,KETARI
PAHANG,89,BENTONG,35,SABAI
PAHANG,89,BENTONG,36,PELANGAI
PAHANG,90,BERA,37,GUAI
PAHANG,90,BERA,38,TRIANG
PAHANG,90,BERA,39,KEMAYAN
PAHANG,91,ROMPIN,40,BUKIT IBAM
PAHANG,91,ROMPIN,41,MUADZAM SHAH
PAHANG,91,ROMPIN,42,TIOMAN
SELANGOR,92,SABAK BERNAM,1,SUNGAI AIR TAWAR
SELANGOR,92,SABAK BERNAM,2,SABAK
SELANGOR,93,SUNGAI BESAR,3,SUNGAI PANJANG
SELANGOR,93,SUNGAI BESAR,4,SEKINCHAN
SELANGOR,94,HULU SELANGOR,5,HULU BERNAM
SELANGOR,94,HULU SELANGOR,6,KUALA KUBU BAHARU
SELANGOR,94,HULU SELANGOR,7,BATANG KALI
SELANGOR,95,TANJONG KARANG,8,SUNGAI BURONG
SELANGOR,95,TANJONG KARANG,9,PERMATANG
SELANGOR,96,KUALA SELANGOR,10,BUKIT MELAWATI
SELANGOR,96,KUALA SELANGOR,11,IJOK
SELANGOR,96,KUALA SELANGOR,12,JERAM
SELANGOR,97,SELAYANG,13,KUANG
SELANGOR,97,SELAYANG,14,RAWANG
SELANGOR,97,SELAYANG,15,TAMAN TEMPLER
SELANGOR,98,GOMBAK,16,BATU CAVES
SELANGOR,98,GOMBAK,17,GOMBAK SETIA
SELANGOR,98,GOMBAK,18,HULU KELANG
SELANGOR,99,AMPANG,19,BUKIT ANTARABANGSA
SELANGOR,99,AMPANG,20,LEMBAH JAYA
SELANGOR,100,PANDAN,21,CHEMPAKA
SELANGOR,100,PANDAN,22,TERATAI
SELANGOR,101,HULU LANGAT,23,DUSUN TUA
SELANGOR,101,HULU LANGAT,24,SEMENYIH
SELANGOR,101,HULU LANGAT,25,KAJANG
SELANGOR,102,SERDANG,26,BANGI
SELANGOR,102,SERDANG,27,BALAKONG
SELANGOR,102,SERDANG,28,SERI KEMBANGAN
SELANGOR,103,PUCHONG,29,SERI SERDANG
SELANGOR,103,PUCHONG,30,KINRARA
SELANGOR,104,KELANA JAYA,31,SUBANG JAYA
SELANGOR,104,KELANA JAYA,32,SERI SETIA
SELANGOR,105,PETALING JAYA SELATAN,33,TAMAN MEDAN
SELANGOR,105,PETALING JAYA SELATAN,34,BUKIT GASING
SELANGOR,106,PETALING JAYA UTARA,35,KAMPUNG TUNKU
SELANGOR,106,PETALING JAYA UTARA,36,DAMANSARA UTAMA
SELANGOR,107,SUBANG,37,BUKIT LANJAN
SELANGOR,107,SUBANG,38,PAYA JARAS
SELANGOR,107,SUBANG,39,KOTA DAMANSARA
SELANGOR,108,SHAH ALAM,40,KOTA ANGGERIK
SELANGOR,108,SHAH ALAM,41,BATU TIGA
SELANGOR,109,KAPAR,42,MERU
SELANGOR,109,KAPAR,43,SEMENTA
SELANGOR,109,KAPAR,44,SUNGAI PINANG
SELANGOR,109,KAPAR,45,SELAT KLANG
SELANGOR,110,KLANG,46,PELABUHAN KLANG
SELANGOR,110,KLANG,47,PANDAMARAN
SELANGOR,110,KLANG,48,KOTA ALAM SHAH
SELANGOR,111,KOTA RAJA,49,SERI ANDALAS
SELANGOR,111,KOTA RAJA,50,SRI MUDA
SELANGOR,112,KUALA LANGAT,51,SIJANGKANG
SELANGOR,112,KUALA LANGAT,52,TELUK DATUK
SELANGOR,112,KUALA LANGAT,53,MORIB
SELANGOR,113,SEPANG,54,TANJONG SEPAT
SELANGOR,113,SEPANG,55,DENGKIL
SELANGOR,113,SEPANG,56,SUNGAI PELEK
W.P. KUALA LUMPUR,114,KEPONG,0,
W.P. KUALA LUMPUR,115,BATU,0,
W.P. KUALA LUMPUR,116,WANGSA MAJU,0,
W.P. KUALA LUMPUR,117,SEGAMBUT,0,
W.P. KUALA LUMPUR,118,SETIAWANGSA,0,
W.P. KUALA LUMPUR,119,TITIWANGSA,0,
W.P. KUALA LUMPUR,120,BUKIT BINTANG,0,
W.P. KUALA LUMPUR,121,LEMBAH PANTAI,0,
W.P. KUALA LUMPUR,122,SEPUTEH,0,
W.P. KUALA LUMPUR,123,CHERAS,0,
W.P. KUALA LUMPUR,124,BANDAR TUN RAZAK,0,
W.P. PUTRAJAYA,125,PUTRAJAYA,0,
NEGERI SEMBILAN,126,JELEBU,1,CHENNAH
NEGERI SEMBILAN,126,JELEBU,2,PERTANG
NEGERI SEMBILAN,126,JELEBU,3,SUNGAI LUI
NEGERI SEMBILAN,126,JELEBU,4,KLAWANG
NEGERI SEMBILAN,127,JEMPOL,5,SERTING
NEGERI SEMBILAN,127,JEMPOL,6,PALONG
NEGERI SEMBILAN,127,JEMPOL,7,JERAM PADANG
NEGERI SEMBILAN,127,JEMPOL,8,BAHAU
NEGERI SEMBILAN,128,SEREMBAN,9,LENGGENG
NEGERI SEMBILAN,128,SEREMBAN,10,NILAI
NEGERI SEMBILAN,128,SEREMBAN,11,LOBAK
NEGERI SEMBILAN,128,SEREMBAN,12,TEMIANG
NEGERI SEMBILAN,128,SEREMBAN,13,SIKAMAT
NEGERI SEMBILAN,128,SEREMBAN,14,AMPANGAN
NEGERI SEMBILAN,129,KUALA PILAH,15,JUASSEH
NEGERI SEMBILAN,129,KUALA PILAH,16,SERI MENANTI
NEGERI SEMBILAN,129,KUALA PILAH,17,SENALING
NEGERI SEMBILAN,129,KUALA PILAH,18,PILAH
NEGERI SEMBILAN,129,KUALA PILAH,19,JOHOL
NEGERI SEMBILAN,130,RASAH,20,LABU
NEGERI SEMBILAN,130,RASAH,21,BUKIT KEPAYANG
NEGERI SEMBILAN,130,RASAH,22,RAHANG
NEGERI SEMBILAN,130,RASAH,23,MAMBAU
NEGERI SEMBILAN,130,RASAH,24,SENAWANG
NEGERI SEMBILAN,131,REMBAU,25,PAROI
NEGERI SEMBILAN,131,REMBAU,26,CHEMBONG
NEGERI SEMBILAN,131,REMBAU,27,RANTAU
NEGERI SEMBILAN,131,REMBAU,28,KOTA
NEGERI SEMBILAN,132,TELOK KEMANG,29,CHUAH
NEGERI SEMBILAN,132,TELOK KEMANG,30,LUKUT
NEGERI SEMBILAN,132,TELOK KEMANG,31,BAGAN PINANG
NEGERI SEMBILAN,132,TELOK KEMANG,32,LINGGI
NEGERI SEMBILAN,132,TELOK KEMANG,33,PORT DICKSON
NEGERI SEMBILAN,133,TAMPIN,34,GEMAS
NEGERI SEMBILAN,133,TAMPIN,35,GEMENCHEH
NEGERI SEMBILAN,133,TAMPIN,36,REPAH
MELAKA,134,MASJID TANAH,1,KUALA LINGGI
MELAKA,134,MASJID TANAH,2,TANJUNG BIDARA
MELAKA,134,MASJID TANAH,3,AYER LIMAU
MELAKA,134,MASJID TANAH,4,LENDU
MELAKA,134,MASJID TANAH,5,TABOH NANING
MELAKA,135,ALOR GAJAH,6,REMBIA
MELAKA,135,ALOR GAJAH,7,GADEK
MELAKA,135,ALOR GAJAH,8,MACHAP
MELAKA,135,ALOR GAJAH,9,DURIAN TUNGGAL
MELAKA,135,ALOR GAJAH,10,ASAHAN
MELAKA,136,TANGGA BATU,11,SUNGAI UDANG
MELAKA,136,TANGGA BATU,12,PANTAI KUNDOR
MELAKA,136,TANGGA BATU,13,PAYA RUMPUT
MELAKA,136,TANGGA BATU,14,KELEBANG
MELAKA,137,BUKIT KATIL,15,BACHANG
MELAKA,137,BUKIT KATIL,16,AYER KEROH
MELAKA,137,BUKIT KATIL,17,BUKIT BARU
MELAKA,137,BUKIT KATIL,18,AYER MOLEK
MELAKA,138,KOTA MELAKA,19,KESIDANG
MELAKA,138,KOTA MELAKA,20,KOTA LAKSAMANA
MELAKA,138,KOTA MELAKA,21,DUYONG
MELAKA,138,KOTA MELAKA,22,BANDAR HILIR
MELAKA,138,KOTA MELAKA,23,TELOK MAS
MELAKA,139,JASIN,24,BEMBAN
MELAKA,139,JASIN,25,RIM
MELAKA,139,JASIN,26,SERKAM
MELAKA,139,JASIN,27,MERLIMAU
MELAKA,139,JASIN,28,SUNGAI RAMBAI
JOHOR,140,SEGAMAT,1,BULOH KASAP
JOHOR,140,SEGAMAT,2,JEMENTAH
JOHOR,141,SEKIJANG,3,PEMANIS
JOHOR,141,SEKIJANG,4,KEMELAH
JOHOR,142,LABIS,5,TENANG
JOHOR,142,LABIS,6,BEKOK
JOHOR,143,PAGOH,7,BUKIT SERAMPANG
JOHOR,143,PAGOH,8,JORAK
JOHOR,144,LEDANG,9,GAMBIR
JOHOR,144,LEDANG,10,TANGKAK
JOHOR,144,LEDANG,11,SEROM
JOHOR,145,BAKRI,12,BENTAYAN
JOHOR,145,BAKRI,13,SUNGAI ABONG
JOHOR,145,BAKRI,14,BUKIT NANING
JOHOR,146,MUAR,15,MAHARANI
JOHOR,146,MUAR,16,SUNGAI BALANG
JOHOR,147,PARIT SULONG,17,SEMERAH
JOHOR,147,PARIT SULONG,18,SRI MEDAN
JOHOR,148,AYER HITAM,19,YONG PENG
JOHOR,148,AYER HITAM,20,SEMARANG
JOHOR,149,SRI GADING,21,PARIT YAANI
JOHOR,149,SRI GADING,22,PARIT RAJA
JOHOR,150,BATU PAHAT,23,PENGGARAM
JOHOR,150,BATU PAHAT,24,SENGGARANG
JOHOR,150,BATU PAHAT,25,RENGIT
JOHOR,151,SIMPANG RENGGAM,26,MACHAP
JOHOR,151,SIMPANG RENGGAM,27,LAYANG-LAYANG
JOHOR,152,KLUANG,28,MENGKIBOL
JOHOR,152,KLUANG,29,MAHKOTA
JOHOR,153,SEMBRONG,30,PALOH
JOHOR,153,SEMBRONG,31,KAHANG
JOHOR,154,MERSING,32,ENDAU
JOHOR,154,MERSING,33,TENGGAROH
JOHOR,155,TENGGARA,34,PANTI
JOHOR,155,TENGGARA,35,PASIR RAJA
JOHOR,156,KOTA TINGGI,36,SEDILI
JOHOR,156,KOTA TINGGI,37,JOHOR LAMA
JOHOR,157,PENGERANG,38,PENAWAR
JOHOR,157,PENGERANG,39,TANJONG SURAT
JOHOR,158,TEBRAU,40,TIRAM
JOHOR,158,TEBRAU,41,PUTERI WANGSA
JOHOR,159,PASIR GUDANG,42,JOHOR JAYA
JOHOR,159,PASIR GUDANG,43,PERMAS
JOHOR,160,JOHOR BAHRU,44,TANJONG PUTERI
JOHOR,160,JOHOR BAHRU,45,STULANG
JOHOR,161,PULAI,46,PENGKALAN RINTING
JOHOR,161,PULAI,47,KEMPAS
JOHOR,162,GELANG PATAH,48,SKUDAI
JOHOR,162,GELANG PATAH,49,NUSA JAYA
JOHOR,163,KULAI,50,BUKIT PERMAI
JOHOR,163,KULAI,51,BUKIT BATU
JOHOR,163,KULAI,52,SENAI
JOHOR,164,PONTIAN,53,BENUT
JOHOR,164,PONTIAN,54,PULAI SEBATANG
JOHOR,165,TANJONG PIAI,55,PEKAN NENAS
JOHOR,165,TANJONG PIAI,56,KUKUP
W.P.LABUAN,166,LABUAN,0,
SABAH,167,KUDAT,BANGGI,1
SABAH,167,KUDAT,BENGKOKA,2
SABAH,167,KUDAT,PITAS,3
SABAH,167,KUDAT,TANJONG KAPOR,4
SABAH,168,KOTA MARUDU,MATUNGGONG,5
SABAH,168,KOTA MARUDU,BANDAU,6
SABAH,168,KOTA MARUDU,TANDEK,7
SABAH,169,KOTA BELUD,PINTASAN,8
SABAH,169,KOTA BELUD,TEMPASUK,9
SABAH,169,KOTA BELUD,USUKAN,10
SABAH,169,KOTA BELUD,KADAMAIAN,11
SABAH,170,TUARAN,SULAMAN,12
SABAH,170,TUARAN,PANTAI DALIT,13
SABAH,170,TUARAN,TAMPARULI,14
SABAH,170,TUARAN,KIULU,15
SABAH,171,SEPANGGAR,KARAMBUNAI,16
SABAH,171,SEPANGGAR,DARAU,17
SABAH,171,SEPANGGAR,INANAM,18
SABAH,172,KOTA KINABALU,LIKAS,19
SABAH,172,KOTA KINABALU,API-API,20
SABAH,172,KOTA KINABALU,LUYANG,21
SABAH,173,PUTATAN,TANJONG ARU,22
SABAH,173,PUTATAN,PETAGAS,23
SABAH,173,PUTATAN,TANJUNG KERAMAT,24
SABAH,174,PENAMPANG,KAPAYAN,25
SABAH,174,PENAMPANG,MOYOG,26
SABAH,175,PAPAR,LIMBAHAU,27
SABAH,175,PAPAR,KAWANG,28
SABAH,175,PAPAR,PANTAI MANIS,29
SABAH,176,KIMANIS,BONGAWAN,30
SABAH,176,KIMANIS,MEMBAKUT,31
SABAH,177,BEAUFORT,KLIAS,32
SABAH,177,BEAUFORT,KUALA PENYU,33
SABAH,178,SIPITANG,LUMADAN,34
SABAH,178,SIPITANG,SINDUMIN,35
SABAH,179,RANAU,KUNDASANG,36
SABAH,179,RANAU,KARANAAN,37
SABAH,179,RANAU,PAGINATAN,38
SABAH,180,KENINGAU,TAMBUNAN,39
SABAH,180,KENINGAU,BINGKOR,40
SABAH,180,KENINGAU,LIAWAN,41
SABAH,181,TENOM,MELALAP,42
SABAH,181,TENOM,KEMABONG,43
SABAH,182,PENSIANGAN,TULID,44
SABAH,182,PENSIANGAN,SOOK,45
SABAH,182,PENSIANGAN,NABAWAN,46
SABAH,183,BELURAN,TELUPID,47
SABAH,183,BELURAN,SUGUT,48
SABAH,183,BELURAN,LABUK,49
SABAH,184,LIBARAN,GUM-GUM,50
SABAH,184,LIBARAN,SUNGAI MANILA,51
SABAH,184,LIBARAN,SUNGAI SIBUGA,52
SABAH,185,BATU SAPI,SEKONG,53
SABAH,185,BATU SAPI,KARAMUNTING,54
SABAH,186,SANDAKAN,ELOPURA,55
SABAH,186,SANDAKAN,TANJONG PAPAT,56
SABAH,187,KINABATANGAN,KUAMUT,57
SABAH,187,KINABATANGAN,LAMAG,58
SABAH,187,KINABATANGAN,SUKAU,59
SABAH,188,LAHAD DATU,TUNGKU,60
SABAH,188,LAHAD DATU,SEGAMA,61
SABAH,188,LAHAD DATU,SILAM,62
SABAH,188,LAHAD DATU,KUNAK,63
SABAH,189,SEMPORNA,SULABAYAN,64
SABAH,189,SEMPORNA,SENALLANG,65
SABAH,189,SEMPORNA,BUGAYA,66
SABAH,190,TAWAU,BALUNG,67
SABAH,190,TAWAU,APAS,68
SABAH,190,TAWAU,SRI TANJONG,69
SABAH,191,KALABAKAN,KUKUSAN,70
SABAH,191,KALABAKAN,TANJONG BATU,71
SABAH,191,KALABAKAN,MEROTAI,72
SABAH,191,KALABAKAN,SEBATIK,73
SARAWAK,192,MAS GADING,1,OPAR
SARAWAK,192,MAS GADING,2,TASIK BIRU
SARAWAK,193,SANTUBONG,3,TANJONG DATU
SARAWAK,193,SANTUBONG,4,PANTAI DAMAI
SARAWAK,193,SANTUBONG,5,DEMAK LAUT
SARAWAK,194,PETRA JAYA,6,TUPONG
SARAWAK,194,PETRA JAYA,7,SAMARIANG
SARAWAK,194,PETRA JAYA,8,SATOK
SARAWAK,195,BANDAR KUCHING,9,PADUNGAN
SARAWAK,195,BANDAR KUCHING,10,PENDING
SARAWAK,195,BANDAR KUCHING,11,BATU LINTANG
SARAWAK,196,STAMPIN,12,KOTA SENTOSA
SARAWAK,196,STAMPIN,13,BATU KITANG
SARAWAK,196,STAMPIN,14,BATU KAWAH
SARAWAK,197,KOTA SAMARAHAN,15,ASAJAYA
SARAWAK,197,KOTA SAMARAHAN,16,MUARA TUANG
SARAWAK,197,KOTA SAMARAHAN,17,STAKAN
SARAWAK,198,PUNCAK BORNEO,18,SEREMBU
SARAWAK,198,PUNCAK BORNEO,19,MAMBONG
SARAWAK,198,PUNCAK BORNEO,20,TARAT
SARAWAK,199,SERIAN,21,TEBEDU
SARAWAK,199,SERIAN,22,KEDUP
SARAWAK,199,SERIAN,23,BUKIT SEMUJA
SARAWAK,200,BATANG SADONG,24,SADONG JAYA
SARAWAK,200,BATANG SADONG,25,SIMUNJAN
SARAWAK,200,BATANG SADONG,26,GEDONG
SARAWAK,201,BATANG LUPAR,27,SEBUYAU
SARAWAK,201,BATANG LUPAR,28,LINGGA
SARAWAK,201,BATANG LUPAR,29,BETING MARO
SARAWAK,202,SRI AMAN,30,BALAI RINGIN
SARAWAK,202,SRI AMAN,31,BUKIT BEGUNAN
SARAWAK,202,SRI AMAN,32,SIMANGGANG
SARAWAK,203,LUBOK ANTU,33,ENGKILILI
SARAWAK,203,LUBOK ANTU,34,BATANG AI
SARAWAK,204,BETONG,35,SARIBAS
SARAWAK,204,BETONG,36,LAYAR
SARAWAK,204,BETONG,37,BUKIT SABAN
SARAWAK,205,SARATOK,38,KALAKA
SARAWAK,205,SARATOK,39,KRIAN
SARAWAK,205,SARATOK,40,KABONG
SARAWAK,206,TANJONG MANIS,41,KUALA RAJANG
SARAWAK,206,TANJONG MANIS,42,SEMOP
SARAWAK,207,IGAN,43,DARO
SARAWAK,207,IGAN,44,JEMORENG
SARAWAK,208,SARIKEI,45,REPOK
SARAWAK,208,SARIKEI,46,MERADONG
SARAWAK,209,JULAU,47,PAKAN
SARAWAK,209,JULAU,48,MELUAN
SARAWAK,210,KANOWIT,49,NGEMAH
SARAWAK,210,KANOWIT,50,MACHAN
SARAWAK,211,LANANG,51,BUKIT ASSEK
SARAWAK,211,LANANG,52,DUDONG
SARAWAK,212,SIBU,53,BAWANG ASSAN
SARAWAK,212,SIBU,54,PELAWAN
SARAWAK,212,SIBU,55,NANGKA
SARAWAK,213,MUKAH,56,DALAT
SARAWAK,213,MUKAH,57,TELLIAN
SARAWAK,213,MUKAH,58,BALINGIAN
SARAWAK,214,SELANGAU,59,TAMIN
SARAWAK,214,SELANGAU,60,KAKUS
SARAWAK,215,KAPIT,61,PELAGUS
SARAWAK,215,KAPIT,62,KATIBAS
SARAWAK,215,KAPIT,63,BUKIT GORAM
SARAWAK,216,HULU RAJANG,64,BALEH
SARAWAK,216,HULU RAJANG,65,BELAGA
SARAWAK,216,HULU RAJANG,66,MURUM
SARAWAK,217,BINTULU,67,JEPAK
SARAWAK,217,BINTULU,68,TANJONG BATU
SARAWAK,217,BINTULU,69,KEMENA
SARAWAK,217,BINTULU,70,SAMALAJU
SARAWAK,218,SIBUTI,71,BEKENU
SARAWAK,218,SIBUTI,72,LAMBIR
SARAWAK,219,MIRI,73,PIASAU
SARAWAK,219,MIRI,74,PUJUT
SARAWAK,219,MIRI,75,SENADIN
SARAWAK,220,BARAM,76,MARUDI
SARAWAK,220,BARAM,77,TELANG USAN
SARAWAK,220,BARAM,78,MULU
SARAWAK,221,LIMBANG,79,BUKIT KOTA
SARAWAK,221,LIMBANG,80,BATU DANAU
SARAWAK,222,LAWAS,81,BA'KELALAN
SARAWAK,222,LAWAS,82,BUKIT SARI
